Complexity,Loss,Equation
1,33.602722,"2.354772"
3,6.1281805,"(x0 * x0)"
5,3.045492,"((x0 * x0) + -1.7557565)"
7,3.0295734,"(((x0 * x0) + -1.7020328) * 0.9776975)"
8,1.1184881,"((cos(x3) + (x0 * x0)) + -1.8519837)"
9,0.95151496,"((-3.119208 + (x0 * x0)) + exp(cos(x3)))"
10,2.264958e-13,"((x0 * x0) + (-2.0 + (cos(x3) * 2.5382)))"
